verdict	reason	why	seed_id	seed_title	seed_date	seed_cat	seed_blurb	dump_id	dump_title	dump_date	dump_cat	dump_notability
keep-both	distinct event at the same entity	title	seed:addis-ababa-1889-03-09	Addis Ababa	1889-03-09	event	Emperor Menelik II of Ethiopia moves his capital to Addis Ababa.	Q3624	Addis Ababa	1886-01-01	founding	1
keep-both	distinct event at the same entity	title	seed:albania-1914-03-07	Albania	1914-03-07	event	Albania becomes the Principality of Albania.	Q222	Albania	1912-11-28	founding	1
keep-both	distinct event at the same entity	title	seed:algeria-1962-09-25	Algeria	1962-09-25	event	Algeria becomes the People's Democratic Algerian Republic.	Q262	Algeria	1962-07-05	founding	1
keep-both	distinct event at the same entity	title	seed:andorra-1278-09-08	Andorra	1278-09-08	treaty	Andorra is granted independence from the Crown of Aragon, whereupon the Pareage of Andorra is signed, establishing a con	Q228	Andorra	1278-01-01	founding	1
keep-both	distinct event at the same entity	title	seed:angola-1973-01-01	Angola	1973-01-01	event	Portugal reorganizes the Overseas Province of Angola as the State of Angola.	Q916	Angola	1975-11-11	founding	1
keep-both	distinct event at the same entity	title	seed:armenia-1990-08-23	Armenia	1990-08-23	founding	The Armenian Soviet Socialist Republic secedes from the Soviet Union as the Republic of Armenia. Yerevan remains the cap	Q399	Armenia	1991-09-23	founding	1
keep-both	title collision with a same-named settlement	title	seed:athens-1834-01-01	Athens	1834-01-01	event	The Kingdom of Greece moves its capital from Nafplio to Athens.	Q2791349	Athens	1831-01-01	founding	0.25
keep-both	title collision with a same-named settlement	title	seed:austerlitz-1805-01-01	Austerlitz	1805-01-01	conflict	The French victory over an Austrian-Russian army at the Battle of Austerlitz ended the War of the Third Coalition.	Q2380583	Austerlitz	1804-01-01	founding	0.19
keep-both	distinct event at the same entity	title	seed:austria-hungary-1867-06-08	Austria-Hungary	1867-06-08	founding	Austria-Hungary is established by a compromise of the Austrian Empire and the Kingdom of Hungary. The Grand Duchy of Tra	Q28513	Austria–Hungary	1867-03-01	founding	1
keep-both	distinct event at the same entity	title	seed:austrian-empire-1804-01-01	Austrian Empire	1804-01-01	founding	1804: Austrian Empire founded by Francis I.	Q131964	Austrian Empire	1804-08-11	founding	1
keep-both	distinct event at the same entity	title	seed:azerbaijan-1991-02-05	Azerbaijan	1991-02-05	event	The Azerbaijan Soviet Socialist Republic changes its name to the Republic of Azerbaijan.	Q227	Azerbaijan	1991-01-01	founding	1
keep-both	distinct event at the same entity	title	seed:bangladesh-1974-02-22	Bangladesh	1974-02-22	treaty	Pakistan recognizes the independence of Bangladesh, relinquishing its claims to the former East Pakistan.	Q902	Bangladesh	1971-03-26	founding	1
keep-both	distinct event at the same entity	title	seed:battle-of-warsaw-1831-09-06	Battle of Warsaw	1831-09-06	conflict	1831: November Uprising ends with crushing defeat for Poland in the Battle of Warsaw.	Q570456	Battle of Warsaw	1831-01-01	conflict	0.09
keep-both	distinct event at the same entity	title	seed:bavaria-1919-04-06	Bavaria	1919-04-06	event	The Bavarian Soviet Republic supersedes the People's State of Bavaria.	Q980	Bavaria	1919-01-12	founding	1
keep-both	distinct event at the same entity	title	seed:bavaria-1919-05-03	Bavaria	1919-05-03	event	The Free State of Bavaria supersedes the Bavarian Soviet Republic.	Q980	Bavaria	1919-01-12	founding	1
keep-both	distinct event at the same entity	title	seed:belarus-1991-09-19	Belarus	1991-09-19	event	The Byelorussian Soviet Socialist Republic changes its name to the Republic of Belarus.	Q184	Belarus	1991-08-25	founding	1
keep-both	distinct event at the same entity	title	seed:belgium-1830-01-01	Belgium	1830-01-01	founding	Belgian Revolution results in Belgium's independence from the Netherlands.	Q31	Belgium	1830-10-04	founding	1
keep-both	distinct event at the same entity	title	seed:belmopan-1970-05-01	Belmopan	1970-05-01	event	British Honduras begins to move its capital from Belize City to Belmopan.	Q3043	Belmopan	1970-08-01	founding	1
keep-both	distinct event at the same entity	title	seed:berlin-conference-1884-01-01	Berlin Conference	1884-01-01	treaty	The Berlin Conference of 1884-1885 attempted to reach agreement on colonial borders in Africa, but disputes continued, b	Q13582	Berlin Conference	1884-11-15	event	0.71
keep-both	distinct event at the same entity	title	seed:biafra-1970-01-15	Biafra	1970-01-15	conflict	The Republic of Biafra capitulates and is reabsorbed by Nigeria.	Q178469	Biafra	1967-05-30	founding	0.73
keep-both	distinct event at the same entity	title	seed:bolivia-1824-08-06	Bolivia	1824-08-06	founding	Bolivia declares independence from the Monarchy of Spain and refuses to join either Peru or the United Provinces of Sout	Q750	Bolivia	1825-01-01	founding	1
keep-both	distinct event at the same entity	title	seed:bosnia-and-herzegovina-1992-04-06	Bosnia and Herzegovina	1992-04-06	conflict	Bosnian War, international armed conflict that took place in Bosnia and Herzegovina between 1992 and 1995.	Q225	Bosnia and Herzegovina	1992-03-01	founding	1
keep-both	distinct event at the same entity	title	seed:bosnia-and-herzegovina-1992-04-08	Bosnia and Herzegovina	1992-04-08	event	The Socialist Republic of Bosnia and Herzegovina changes its name to the Republic of Bosnia and Herzegovina.	Q225	Bosnia and Herzegovina	1992-03-01	founding	1
keep-both	distinct event at the same entity	title	seed:bosnia-and-herzegovina-1995-12-14	Bosnia and Herzegovina	1995-12-14	treaty	The Federation of Bosnia and Herzegovina and Republika Srpska unite to form Bosnia and Herzegovina, superseding the Repu	Q225	Bosnia and Herzegovina	1992-03-01	founding	1
keep-both	distinct event at the same entity	title	seed:brandenburg-prussia-1618-08-27	Brandenburg-Prussia	1618-08-27	event	The personal union of the Electorate of Brandenburg with the Duchy of Prussia creates Brandenburg-Prussia. Berlin and Ko	Q157367	Brandenburg-Prussia	1618-01-01	founding	0.42
keep-both	joining ASEAN is not the independence six days earlier (6 days apart)	title	seed:brunei-1984-01-07	Brunei	1984-01-07	treaty	Brunei joins ASEAN as the association's sixth member state.	Q921	Brunei	1984-01-01	founding	1
keep-both	title collision with a same-named settlement	title	seed:buda-1490-01-01	Buda	1490-01-01	event	King Vladislaus II moves the capital of the Hungarian Kingdom back to Buda.	Q12085193	Buda	1488-01-01	founding	0.08
keep-both	distinct event at the same entity	title	seed:california-1848-01-24	California	1848-01-24	event	1848-1855: California Gold Rush.	Q99	California	1850-09-09	founding	1
keep-both	distinct event at the same entity	title	seed:cambodia-1954-12-20	Cambodia	1954-12-20	treaty	France recognizes the independence of the Kingdom of Cambodia. Phnom Penh remains the capital.	Q424	Cambodia	1953-11-09	founding	1
keep-both	distinct event at the same entity	title	seed:cameroon-1961-10-01	Cameroon	1961-10-01	founding	The southern portion of the British Cameroons gains independence from the United Kingdom and unites with the Republic of	Q1009	Cameroon	1960-01-01	founding	1
keep-both	distinct event at the same entity	title	seed:central-african-republic-1958-12-01	Central African Republic	1958-12-01	founding	The French colony of Ubangi-Shari joins the French Community as the Central African Republic.	Q929	Central African Republic	1960-01-01	founding	1
keep-both	distinct event at the same entity	title	seed:central-java-1949-03-02	Central Java	1949-03-02	founding	In the Dutch East Indies, the autonomous state of Central Java is established.	Q3557	Central Java	1950-08-15	founding	0.9
keep-both	distinct event at the same entity	title	seed:chechen-republic-of-ichkeria-1992-03-12	Chechen Republic of Ichkeria	1992-03-12	event	The Chechen Republic changes its name to the Chechen Republic of Ichkeria upon the promulgation of a new constitution.	Q210036	Chechen Republic of Ichkeria	1991-01-01	founding	0.66
keep-both	distinct event at the same entity	title	seed:cisalpine-republic-1797-01-01	Cisalpine Republic	1797-01-01	event	The Cispadane Republic merges with the Transpadane Republic to become the Cisalpine Republic. Milan is the capital.	Q213353	Cisalpine Republic	1797-06-29	founding	0.42
keep-both	distinct event at the same entity	title	seed:cispadane-republic-1796-05-10	Cispadane Republic	1796-05-10	founding	The Cispadane Republic is established in northern Italy as a French client state. Modena is the capital.	Q463289	Cispadane Republic	1796-12-27	founding	0.39
keep-both	distinct event at the same entity	title	seed:congo-free-state-1885-05-02	Congo Free State	1885-05-02	founding	King Leopold II of Belgium establishes the Congo Free State, a private government run by the International African Assoc	Q76048	Congo Free State	1885-07-01	founding	0.66
keep-both	distinct event at the same entity	title	seed:council-of-constance-1415-01-01	Council of Constance	1415-01-01	event	Jan Hus is burned at the stake as a heretic at the Council of Constance.	Q154001	Council of Constance	1414-11-05	event	0.6
keep-both	distinct event at the same entity	title	seed:croatia-1990-12-22	Croatia	1990-12-22	event	The Socialist Republic of Croatia changes its name to the Republic of Croatia.	Q224	Croatia	1991-06-25	founding	1
keep-both	title collision with a same-named settlement	title	seed:cuba-1868-01-01	Cuba	1868-01-01	conflict	Ten Years' War between Cuba and Spain, from 1868 to 1878.	Q1142868	Cuba	1868-01-01	founding	0.34
keep-both	distinct event at the same entity	title	seed:cuba-1895-01-01	Cuba	1895-01-01	founding	Cuban War for Independence results in Cuban independence from Spain, from 1895 to 1898.	Q241	Cuba	1898-12-10	founding	1
keep-both	distinct event at the same entity	title	seed:czechoslovakia-1919-09-10	Czechoslovakia	1919-09-10	treaty	Under the Treaty of Saint-Germain-en-Laye, the independence of Poland, Czechoslovakia, and the Kingdom of Serbs, Croats 	Q33946	Czechoslovakia	1918-10-28	founding	1
keep-both	distinct event at the same entity	title	seed:democratic-kampuchea-1978-12-25	Democratic Kampuchea	1978-12-25	conflict	Vietnam invades Democratic Kampuchea, beginning an occupation of Cambodia lasting more than ten years.	Q330988	Democratic Kampuchea	1976-01-05	founding	0.45
keep-both	distinct event at the same entity	title	seed:democratic-republic-of-yemen-1994-07-07	Democratic Republic of Yemen	1994-07-07	conflict	Yemeni government forces reconquer the Democratic Republic of Yemen.	Q2119459	Democratic Republic of Yemen	1994-05-21	founding	0.2
keep-both	distinct event at the same entity	title	seed:denmark-norway-1537-01-01	Denmark-Norway	1537-01-01	founding	Denmark-Norway emerges as a dual monarchy after the withdrawal of the Kingdom of Sweden from the Kalmar Union.	Q62651	Denmark–Norway	1536-01-01	founding	0.62
keep-both	distinct event at the same entity	title	seed:dutch-republic-1581-01-01	Dutch Republic	1581-01-01	founding	Dutch Act of Abjuration, declaring abjuring allegiance to Philip II of Spain.	Q170072	Dutch Republic	1581-07-26	founding	0.82
keep-both	distinct event at the same entity	title	seed:east-java-1948-11-26	East Java	1948-11-26	founding	In the Dutch East Indies, the autonomous state of East Java is established.	Q3586	East Java	1950-02-25	founding	1
keep-both	distinct event at the same entity	title	seed:empire-of-brazil-1825-08-29	Empire of Brazil	1825-08-29	treaty	The United Kingdom of Portugal, Brazil and the Algarves recognizes the independence of the Empire of Brazil.	Q217230	Empire of Brazil	1822-09-07	founding	0.67
keep-both	distinct event at the same entity	title	seed:empire-of-china-1916-03-22	Empire of China	1916-03-22	event	The Empire of China is abolished.	Q175379	Empire of China	1915-12-12	founding	0.29
keep-both	distinct event at the same entity	title	seed:eritrea-1991-05-24	Eritrea	1991-05-24	founding	The State of Eritrea gains de facto independence from the People's Democratic Republic of Ethiopia following a decades-l	Q986	Eritrea	1993-05-24	founding	1
keep-both	distinct event at the same entity	title	seed:estonia-1917-04-12	Estonia	1917-04-12	event	The Autonomous Governorate of Estonia is created from the Governorate of Estonia and part of the Governorate of Livonia 	Q191	Estonia	1918-02-24	founding	1
keep-both	distinct event at the same entity	title	seed:estonia-1917-11-28	Estonia	1917-11-28	founding	The Provincial Assembly of the Autonomous Governorate of Estonia declares itself the only legally constituted authority 	Q191	Estonia	1918-02-24	founding	1
keep-both	distinct event at the same entity	title	seed:estonia-1918-11-29	Estonia	1918-11-29	founding	The Commune of the Working People of Estonia is established as a puppet state in Soviet Russian-occupied Estonia.	Q191	Estonia	1918-02-24	founding	1
keep-both	distinct event at the same entity	title	seed:far-eastern-republic-1922-11-15	Far Eastern Republic	1922-11-15	event	The Far Eastern Republic is disestablished and merged with the Russian Socialist Federative Soviet Republic.	Q61292	Far Eastern Republic	1920-04-06	founding	0.5
keep-both	distinct event at the same entity	title	seed:faroe-islands-1945-09-16	Faroe Islands	1945-09-16	event	The British occupation of the Faroe Islands ends and is handed back to Denmark.	Q4628	Faroe Islands	1948-04-01	founding	1
keep-both	distinct event at the same entity	title	seed:federal-republic-of-central-america-1821-01-01	Federal Republic of Central America	1821-01-01	founding	The Federal Republic of Central America gained independence from Spain in 1821 and from Mexico in 1823.	Q190025	Federal Republic of Central America	1823-07-01	founding	0.55
keep-both	distinct event at the same entity	title	seed:federation-of-malaya-1948-01-30	Federation of Malaya	1948-01-30	event	In the United Kingdom, the Malayan Union is renamed the Federation of Malaya.	Q1479726	Federation of Malaya	1948-01-01	founding	0.45
keep-both	distinct event at the same entity	title	seed:first-french-empire-1804-01-01	First French Empire	1804-01-01	event	Napoleon Bonaparte crowned himself Emperor of the French.	Q71084	First French Empire	1804-05-18	founding	0.86
keep-both	distinct event at the same entity	title	seed:first-mexican-empire-1821-01-01	First Mexican Empire	1821-01-01	founding	1821-1823: First Mexican Empire, as Mexico's first post-independence government, ruled by Emperor Agustin I of Mexico.	Q285658	First Mexican Empire	1822-05-19	founding	0.53
keep-both	distinct event at the same entity	title	seed:first-republic-of-venezuela-1812-07-28	First Republic of Venezuela	1812-07-28	conflict	The First Republic of Venezuela is crushed by the Spanish Empire.	Q8935	First Republic of Venezuela	1810-01-01	founding	0.16
keep-both	distinct event at the same entity	title	seed:french-guiana-1943-09-01	French Guiana	1943-09-01	event	The French Antilles and Guiana is split into French Guiana, Guadeloupe, Inini, Martinique, and Saint Pierre and Miquelon	Q3769	French Guiana	1946-03-21	founding	1
keep-both	distinct event at the same entity	title	seed:french-guiana-1946-03-19	French Guiana	1946-03-19	event	The French Republic elevates its colony of Guyane (French Guiana) to an overseas department.	Q3769	French Guiana	1946-03-21	founding	1
keep-both	distinct event at the same entity	title	seed:french-second-republic-1848-01-01	French Second Republic	1848-01-01	founding	February Revolution overthrew Louis Philippe's government. The Second Republic was proclaimed; Louis Napoleon, nephew of	Q58326	French Second Republic	1848-02-24	founding	0.64
keep-both	distinct event at the same entity	title	seed:french-third-republic-1870-01-01	French Third Republic	1870-01-01	founding	Napoleon III abdicated after the unsuccessful conclusion of the Franco-Prussian War. The Third Republic was proclaimed.	Q70802	French Third Republic	1870-09-04	founding	0.83
keep-both	distinct event at the same entity	title	seed:gadsden-purchase-1853-06-24	Gadsden Purchase	1853-06-24	treaty	The United States of America makes the Gadsden Purchase, buying a tract of land from Mexico which later becomes the extr	Q827212	Gadsden Purchase	1853-01-01	event	0.38
keep-both	distinct event at the same entity	title	seed:gagauzia-1995-01-14	Gagauzia	1995-01-14	event	The self-proclaimed Gagauz Republic is reintegrated into Moldova as the Autonomous Territorial Unit of Gagauzia.	Q164819	Gagauzia	1994-12-23	founding	0.92
keep-both	distinct event at the same entity	title	seed:ghana-1960-07-01	Ghana	1960-07-01	event	Ghana changes its name to the Republic of Ghana and severs all ties to the British monarchy as a Commonwealth realm, rem	Q117	Ghana	1957-01-01	founding	1
keep-both	distinct event at the same entity	title	seed:granadine-confederation-1858-05-22	Granadine Confederation	1858-05-22	event	The Republic of New Granada becomes the Granadine Confederation.	Q1141215	Granadine Confederation	1858-01-01	founding	0.26
keep-both	distinct event at the same entity	title	seed:grand-duchy-of-finland-1809-03-29	Grand Duchy of Finland	1809-03-29	founding	The Russian Tsar is declared Grand Duke of Finland at the Diet of Porvoo, establishing the Grand Duchy of Finland.	Q62633	Grand Duchy of Finland	1809-10-01	founding	0.62
keep-both	distinct event at the same entity	title	seed:grand-duchy-of-hesse-1806-08-13	Grand Duchy of Hesse	1806-08-13	event	The Grand Duchy of Hesse follows the Landgraviate of Hesse-Darmstadt. Darmstadt is the capital.	Q20135	Grand Duchy of Hesse	1806-01-01	founding	0.43
keep-both	title collision with a same-named settlement	title	seed:greece-1821-01-01	Greece	1821-01-01	conflict	Greek War of Independence against the Ottoman Empire, from 1821 to 1830.	Q2610369	Greece	1822-01-01	founding	0.26
keep-both	distinct event at the same entity	title	seed:greece-1821-01-01	Greece	1821-01-01	conflict	Greek War of Independence against the Ottoman Empire, from 1821 to 1830.	Q41	Greece	1821-03-25	founding	1
keep-both	title collision with a same-named settlement	title	seed:greece-1821-03-25	Greece	1821-03-25	founding	Greece declares its independence from the Ottoman Empire. Nafplion is the capital.	Q2610369	Greece	1822-01-01	founding	0.26
keep-both	distinct event at the same entity	title	seed:guadeloupe-1946-03-19	Guadeloupe	1946-03-19	event	The French Republic elevates its colonies of Guadeloupe and Martinique to overseas departments.	Q17012	Guadeloupe	1946-03-21	founding	1
keep-both	distinct event at the same entity	title	seed:guinea-bissau-1973-09-24	Guinea-Bissau	1973-09-24	founding	PAIGC rebels declare the independence of Portuguese Guinea from Portugal as the Republic of Guinea-Bissau. Madina do Boe	Q1007	Guinea-Bissau	1974-01-01	founding	1
keep-both	distinct event at the same entity	title	seed:guinea-bissau-1973-11-02	Guinea-Bissau	1973-11-02	event	The UN General Assembly recognizes the independence of the Republic of Guinea-Bissau, the first sub-Saharan African stat	Q1007	Guinea-Bissau	1974-01-01	founding	1
keep-both	distinct event at the same entity	title	seed:guinea-bissau-1974-09-10	Guinea-Bissau	1974-09-10	treaty	Following an agreement to end the war on 26 August, Portugal dissolves Portuguese Guinea and recognizes the independence	Q1007	Guinea-Bissau	1974-01-01	founding	1
keep-both	title collision with a same-named settlement	title	seed:hamilton-1815-01-01	Hamilton	1815-01-01	event	The capital of Bermuda is moved from St George to Hamilton.	Q3460721	Hamilton	1813-01-01	founding	0.13
keep-both	distinct event at the same entity	title	seed:hawaii-1959-11-16	Hawaii	1959-11-16	event	Hawaii is admitted to the Union as the 50th State of the United States.	Q782	Hawaii	1959-08-21	founding	1
keep-both	distinct event at the same entity	title	seed:hungarian-state-1849-08-13	Hungarian State	1849-08-13	conflict	The Hungarian State capitulates to the Austrian Empire and the former status quo is restored.	Q18331029	Hungarian State	1849-04-14	founding	0.08
keep-both	distinct event at the same entity	title	seed:hutsul-republic-1919-01-08	Hutsul Republic	1919-01-08	founding	The Hutsul Republic is established.	Q950101	Hutsul Republic	1918-11-08	founding	0.22
keep-both	distinct event at the same entity	title	seed:hutsul-republic-1919-06-11	Hutsul Republic	1919-06-11	event	The Hutsul Republic is disestablished, incorporated into the First Czechoslovak Republic.	Q950101	Hutsul Republic	1918-11-08	founding	0.22
keep-both	distinct event at the same entity	title	seed:india-1950-01-26	India	1950-01-26	event	India adopts a republican constitution and changes its name to the Republic of India, becoming the first republic in the	Q668	India	1947-08-15	founding	1
keep-both	distinct event at the same entity	title	seed:iran-1979-02-11	Iran	1979-02-11	event	Following the overthrow of the Pahlavi dynasty, Iran supersedes the Imperial State of Iran. Tehran remains the capital.	Q794	Iran	1979-04-01	founding	1
keep-both	distinct event at the same entity	title	seed:islamic-state-of-afghanistan-1992-04-24	Islamic State of Afghanistan	1992-04-24	event	An accord between the Mujahideen and Afghan Army factions ends the civil war and creates the Islamic State of Afghanista	Q1415585	Islamic State of Afghanistan	1992-04-26	founding	0.4
keep-both	distinct event at the same entity	title	seed:italian-social-republic-1943-12-01	Italian Social Republic	1943-12-01	event	The National Republican State of Italy is renamed the Italian Social Republic.	Q153660	Italian Social Republic	1943-09-23	founding	0.66
keep-both	distinct event at the same entity	title	seed:italian-social-republic-1945-04-25	Italian Social Republic	1945-04-25	conflict	The Italian Social Republic is recovered from Germany and given to the Kingdom of Italy.	Q153660	Italian Social Republic	1943-09-23	founding	0.66
keep-both	distinct event at the same entity	title	seed:italy-1943-09-03	Italy	1943-09-03	conflict	The Allies begin the invasion of mainland Italy.	Q38	Italy	1946-06-18	founding	1
keep-both	distinct event at the same entity	title	seed:italy-1943-09-08	Italy	1943-09-08	conflict	Italy surrenders to the Allied powers, and is invaded by Germany, beginning the Italian Civil War.	Q38	Italy	1946-06-18	founding	1
keep-both	distinct event at the same entity	title	seed:italy-1946-06-02	Italy	1946-06-02	event	The Kingdom of Italy is renamed the Italian Republic.	Q38	Italy	1946-06-18	founding	1
keep-both	distinct event at the same entity	title	seed:ivory-coast-1958-12-04	Ivory Coast	1958-12-04	event	The French colony of Ivory Coast joins the French Community.	Q1008	Ivory Coast	1960-01-01	founding	1
keep-both	onset of the first Indo-Pakistani war, not the accession (1 days apart)	title	seed:jammu-and-kashmir-1947-10-27	Jammu and Kashmir	1947-10-27	conflict	The princely state of Jammu and Kashmir is divided between the Dominion of India and the Dominion of Pakistan.	Q1180	Jammu and Kashmir	1947-10-26	founding	1
keep-both	distinct event at the same entity	title	seed:jordan-1949-04-03	Jordan	1949-04-03	event	The Hashemite Kingdom of Transjordan is renamed the Hashemite Kingdom of Jordan.	Q810	Jordan	1946-01-01	founding	1
keep-both	distinct event at the same entity	title	seed:kamerun-1884-01-01	Kamerun	1884-01-01	founding	Kamerun is created.	Q668294	Kamerun	1884-07-12	founding	0.45
keep-both	distinct event at the same entity	title	seed:kazakhstan-1991-12-10	Kazakhstan	1991-12-10	event	The Kazakh Soviet Socialist Republic changes its name to the Republic of Kazakhstan.	Q232	Kazakhstan	1991-01-01	founding	1
keep-both	distinct event at the same entity	title	seed:kenya-1964-12-12	Kenya	1964-12-12	event	Kenya is renamed the Republic of Kenya and severs all ties to the British monarchy as a Commonwealth realm, but remains 	Q114	Kenya	1963-01-01	founding	1
keep-both	distinct event at the same entity	title	seed:khedivate-of-egypt-1867-07-08	Khedivate of Egypt	1867-07-08	founding	The partially autonomous Khedivate of Egypt under Ismail Pasha replaces the Ottoman Egypt Eyalet.	Q127861	Khedivate of Egypt	1867-06-08	founding	0.43
keep-both	distinct event at the same entity	title	seed:kingdom-of-bosnia-1377-09-26	Kingdom of Bosnia	1377-09-26	founding	The Kingdom of Bosnia is established.	Q2980623	Kingdom of Bosnia	1377-10-26	founding	0.46
keep-both	distinct event at the same entity	title	seed:kingdom-of-great-britain-1707-01-01	Kingdom of Great Britain	1707-01-01	founding	The Act of Union is passed, merging the Scottish and English Parliaments, thus establishing the Kingdom of Great Britain	Q161885	Kingdom of Great Britain	1707-05-01	founding	0.9
keep-both	distinct event at the same entity	title	seed:kingdom-of-hanover-1815-06-09	Kingdom of Hanover	1815-06-09	treaty	At the Congress of Vienna, Hanover becomes the Kingdom of Hanover and annexes the former territories of the Bishop of Mu	Q164079	Kingdom of Hanover	1814-10-12	founding	0.57
keep-both	distinct event at the same entity	title	seed:kingdom-of-prussia-1701-01-01	Kingdom of Prussia	1701-01-01	founding	Kingdom of Prussia declared under King Frederick I.	Q27306	Kingdom of Prussia	1701-01-18	founding	0.88
keep-both	distinct event at the same entity	title	seed:korean-empire-1897-01-01	Korean Empire	1897-01-01	founding	The Joseon Dynasty becomes the Korean Empire.	Q28233	Korean Empire	1897-10-12	founding	0.63
keep-both	distinct event at the same entity	title	seed:kuwait-1990-08-02	Kuwait	1990-08-02	conflict	Iraq invades Kuwait, beginning a seven-month-long occupation.	Q817	Kuwait	1991-02-26	founding	1
keep-both	distinct event at the same entity	title	seed:kuwait-1990-08-04	Kuwait	1990-08-04	event	The State of Kuwait changes its name to the Republic of Kuwait as a Provisional Government is installed by Iraq.	Q817	Kuwait	1991-02-26	founding	1
keep-both	distinct event at the same entity	title	seed:kuwait-1990-08-28	Kuwait	1990-08-28	event	Iraq annexes the Republic of Kuwait as the Kuwait Governorate and Saddamiyat al-Mitla' District.	Q817	Kuwait	1991-02-26	founding	1
keep-both	distinct event at the same entity	title	seed:kuwait-1994-11-10	Kuwait	1994-11-10	treaty	Iraq recognizes the independence and territorial integrity of Kuwait following a new war scare on their borders.	Q817	Kuwait	1991-02-26	founding	1
keep-both	distinct event at the same entity	title	seed:kyrgyzstan-1990-10-30	Kyrgyzstan	1990-10-30	event	The Kirghiz Soviet Socialist Republic changes its name to the Socialist Republic of Kyrgyzstan.	Q813	Kyrgyzstan	1991-01-01	founding	1
keep-both	distinct event at the same entity	title	seed:kyrgyzstan-1990-12-15	Kyrgyzstan	1990-12-15	event	The Socialist Republic of Kyrgyzstan changes its name to the Republic of Kyrgyzstan.	Q813	Kyrgyzstan	1991-01-01	founding	1
keep-both	distinct event at the same entity	title	seed:liberia-1820-01-01	Liberia	1820-01-01	founding	1820: Liberia founded by the American Colonization Society for freed American slaves.	Q1014	Liberia	1822-01-07	founding	1
keep-both	distinct event at the same entity	title	seed:lithuania-1991-01-13	Lithuania	1991-01-13	conflict	The forces of the Soviet Union withdraw from Lithuania's cities following a failed attempt to overthrow the unrecognized	Q37	Lithuania	1990-03-11	founding	1
keep-both	distinct event at the same entity	title	seed:lithuania-1991-02-11	Lithuania	1991-02-11	event	Iceland becomes the first UN member state to recognize the independence of a Republic of the Soviet Union, Lithuania, wh	Q37	Lithuania	1990-03-11	founding	1
keep-both	distinct event at the same entity	title	seed:los-angeles-1781-01-01	Los Angeles	1781-01-01	founding	The city of Los Angeles is founded by Spanish settlers.	Q65	Los Angeles	1781-09-04	founding	1
keep-both	distinct event at the same entity	title	seed:madagascar-1958-10-15	Madagascar	1958-10-15	founding	The Malagasy Republic (Madagascar) gains autonomy within the French Community. Antananarivo is the capital.	Q1019	Madagascar	1960-01-01	founding	1
keep-both	distinct event at the same entity	title	seed:malawi-1966-07-06	Malawi	1966-07-06	event	Malawi changes its name to the Republic of Malawi and severs all ties to the British monarchy as a Commonwealth realm, b	Q1020	Malawi	1964-07-06	founding	1
keep-both	distinct event at the same entity	title	seed:maldives-1968-11-11	Maldives	1968-11-11	event	The Republic of Maldives supersedes the Sultanate of Maldives as a republic outside the Commonwealth of Nations.	Q826	Maldives	1965-07-26	founding	1
keep-both	distinct event at the same entity	title	seed:mali-federation-1959-04-04	Mali Federation	1959-04-04	founding	In French Africa, the colonies of Senegal and Soudan merge to form the Mali Federation.	Q216632	Mali Federation	1959-01-17	founding	0.42
keep-both	distinct event at the same entity	title	seed:mali-federation-1960-06-20	Mali Federation	1960-06-20	founding	The Mali Federation gains independence from the French Republic. Dakar remains the capital.	Q216632	Mali Federation	1959-01-17	founding	0.42
keep-both	title collision with a same-named settlement	title	seed:malta-1800-09-05	Malta	1800-09-05	conflict	French forces in Malta surrender to the British, and the Maltese islands become a protectorate of the United Kingdom.	Q3708930	Malta	1802-01-01	founding	0.18
keep-both	distinct event at the same entity	title	seed:manila-1571-01-01	Manila	1571-01-01	founding	Spanish conquistador Miguel Lopez de Legazpi establishes Manila, Philippines as the capital of the Spanish East Indies.	Q1461	Manila	1571-06-24	founding	1
keep-both	distinct event at the same entity	title	seed:mataram-sultanate-1587-01-01	Mataram Sultanate	1587-01-01	conflict	Troops that would invade Pajang Mataram Sultanate storm ravaged the eruption of Mount Merapi. Sutawijaya and his men sur	Q402145	Mataram Sultanate	1586-01-01	founding	0.29
keep-both	distinct event at the same entity	title	seed:mataram-sultanate-1588-01-01	Mataram Sultanate	1588-01-01	founding	Mataram into the kingdom with Sutawijaya as Sultan, titled Senapati Ingalaga Sayidin Panatagama.	Q402145	Mataram Sultanate	1586-01-01	founding	0.29
keep-both	distinct event at the same entity	title	seed:moldova-1990-06-23	Moldova	1990-06-23	event	The Moldavian Soviet Socialist Republic changes its name to the Soviet Socialist Republic of Moldova.	Q217	Moldova	1991-08-27	founding	1
keep-both	distinct event at the same entity	title	seed:moldova-1991-05-23	Moldova	1991-05-23	event	The Soviet Socialist Republic of Moldova changes its name to the Republic of Moldova.	Q217	Moldova	1991-08-27	founding	1
keep-both	distinct event at the same entity	title	seed:montenegro-2007-10-22	Montenegro	2007-10-22	event	The Republic of Montenegro changes its name to Montenegro.	Q236	Montenegro	2006-06-03	founding	1
keep-both	distinct event at the same entity	title	seed:morocco-1956-03-02	Morocco	1956-03-02	founding	The Sherifian Empire gains independence from France. Rabat is the capital.	Q1028	Morocco	1956-04-07	founding	1
keep-both	distinct event at the same entity	title	seed:morocco-1957-08-14	Morocco	1957-08-14	event	The Sherifian Empire is renamed the Kingdom of Morocco.	Q1028	Morocco	1956-04-07	founding	1
keep-both	distinct event at the same entity	title	seed:mozambique-1973-01-01	Mozambique	1973-01-01	event	Portugal reorganizes the Overseas Province of Mozambique as the State of Mozambique.	Q1029	Mozambique	1975-06-25	founding	1
keep-both	distinct event at the same entity	title	seed:naypyidaw-2005-11-06	Naypyidaw	2005-11-06	event	Myanmar moves its capital from Yangon to Naypyidaw.	Q37400	Naypyidaw	2005-01-01	founding	1
keep-both	distinct event at the same entity	title	seed:nazi-germany-1933-03-23	Nazi Germany	1933-03-23	event	Nazi Germany supersedes the Weimar Republic.	Q7318	Nazi Germany	1933-03-15	founding	1
keep-both	distinct event at the same entity	title	seed:nazi-germany-1934-06-30	Nazi Germany	1934-06-30	event	Night of the Long Knives, purge that took place in Nazi Germany from 30 June to 2 July 1934.	Q7318	Nazi Germany	1933-03-15	founding	1
keep-both	distinct event at the same entity	title	seed:new-hebrides-1906-01-01	New Hebrides	1906-01-01	event	The United Kingdom and France jointly administer the New Hebrides. Port Vila is the capital.	Q752431	New Hebrides	1907-12-02	founding	0.32
keep-both	distinct event at the same entity	title	seed:new-zealand-1987-01-01	New Zealand	1987-01-01	event	New Zealand becomes a fully sovereign state with the promulgation of the Constitution Act, eliminating all remaining pow	Q664	New Zealand	1986-12-13	founding	1
keep-both	distinct event at the same entity	title	seed:niger-1958-12-19	Niger	1958-12-19	event	The French colony of Niger joins the French Community.	Q1032	Niger	1960-01-01	founding	1
keep-both	distinct event at the same entity	title	seed:nigeria-1960-10-01	Nigeria	1960-10-01	founding	The Federation of Nigeria achieves independence from the United Kingdom as a Commonwealth realm. Lagos continues to serv	Q1033	Nigeria	1963-10-01	founding	1
keep-both	distinct event at the same entity	title	seed:nigeria-1966-05-24	Nigeria	1966-05-24	event	The Federal Republic of Nigeria changes its name to the Republic of Nigeria.	Q1033	Nigeria	1963-10-01	founding	1
keep-both	distinct event at the same entity	title	seed:nigeria-1966-08-31	Nigeria	1966-08-31	event	The Republic of Nigeria changes its name back to the Federal Republic of Nigeria.	Q1033	Nigeria	1963-10-01	founding	1
keep-both	distinct event at the same entity	title	seed:north-german-confederation-1867-01-01	North German Confederation	1867-01-01	founding	The North German Confederation supersedes the German Confederation. Berlin remains the capital.	Q150981	North German Confederation	1867-07-01	founding	0.62
keep-both	distinct event at the same entity	title	seed:north-korea-1948-12-25	North Korea	1948-12-25	event	The Soviet Union completely withdraws its forces from North Korea, ending a three-year-long occupation.	Q423	North Korea	1948-09-09	founding	1
keep-both	distinct event at the same entity	title	seed:northern-ireland-1922-12-08	Northern Ireland	1922-12-08	event	Northern Ireland secedes from the Irish Free State to again form a constituent country of the United Kingdom.	Q26	Northern Ireland	1921-05-08	founding	1
keep-both	distinct event at the same entity	title	seed:norway-1905-06-07	Norway	1905-06-07	founding	The Kingdom of Norway declares its independence from the United Kingdoms of Sweden and Norway through dissolution of the	Q20	Norway	1905-10-26	founding	1
keep-both	distinct event at the same entity	title	seed:oman-1970-08-09	Oman	1970-08-09	event	The Sultanate of Muscat and Oman changes its name to the Sultanate of Oman.	Q842	Oman	1970-07-23	founding	1
keep-both	distinct event at the same entity	title	seed:orange-river-colony-1902-05-31	Orange River Colony	1902-05-31	event	The United Kingdom creates the Orange River Colony from the Orange Free State and the Transvaal Colony from the South Af	Q1142179	Orange River Colony	1902-01-01	founding	0.31
keep-both	distinct event at the same entity	title	seed:oriental-state-of-uruguay-1828-08-27	Oriental State of Uruguay	1828-08-27	founding	The Banda Oriental gains independence from the United Provinces of the Rio de la Plata as the Government and Provisional	Q8842946	Oriental State of Uruguay	1830-06-28	founding	0.05
keep-both	title collision with a same-named settlement	title	seed:ottawa-1866-01-01	Ottawa	1866-01-01	event	The United Kingdom moves the capital of the Crown Colony of the United Province of Canada from the city of Quebec to Ott	Q1913965	Ottawa	1865-01-01	founding	0.47
keep-both	title collision with a same-named settlement	title	seed:panama-1903-11-03	Panama	1903-11-03	founding	The Republic of Panama secedes from the Republic of Colombia. Panama City is the capital.	Q2669067	Panama	1906-01-01	founding	0.26
keep-both	Hay-Bunau-Varilla Treaty vs the Zone itself (14 days apart)	title	seed:panama-canal-zone-1903-11-18	Panama Canal Zone	1903-11-18	treaty	The new Republic of Panama grants the United States of America control of the Panama Canal Zone. Balboa is the administr	Q498979	Panama Canal Zone	1903-12-02	event	0.39
keep-both	distinct event at the same entity	title	seed:panama-canal-zone-1904-05-04	Panama Canal Zone	1904-05-04	event	The United States of America annexes the Panama Canal Zone.	Q498979	Panama Canal Zone	1903-12-02	event	0.39
keep-both	distinct event at the same entity	title	seed:peru-bolivian-confederation-1839-01-20	Peru-Bolivian Confederation	1839-01-20	conflict	Chile and Peruvian dissidents win decisively the Battle of Yungay against the Peru-Bolivian Confederation, starting the 	Q899706	Peru–Bolivian Confederation	1836-01-01	founding	0.33
keep-both	title collision with a same-named settlement	title	seed:poland-1792-01-01	Poland	1792-01-01	conflict	Polish-Russian War of 1792.	Q1572109	Poland	1795-01-01	founding	0.25
keep-both	distinct event at the same entity	title	seed:polish-lithuanian-commonwealth-1569-01-01	Polish-Lithuanian Commonwealth	1569-01-01	founding	The Polish-Lithuanian Commonwealth is created with the Union of Lublin, which lasts until 1795.	Q172107	Polish–Lithuanian Commonwealth	1569-06-11	founding	1
keep-both	distinct event at the same entity	title	seed:queensland-1862-04-12	Queensland	1862-04-12	event	The British colony of Queensland's western border is shifted from 141 degrees east to 138 degrees east.	Q36074	Queensland	1859-01-01	founding	1
keep-both	its fall, one day after its founding (1 days apart)	title	seed:republic-of-benin-1967-09-20	Republic of Benin	1967-09-20	conflict	The Republic of Benin is taken over by Nigeria.	Q1108659	Republic of Benin	1967-09-19	founding	0.25
keep-both	distinct event at the same entity	title	seed:republic-of-maryland-1857-01-01	Republic of Maryland	1857-01-01	event	The Republic of Maryland is annexed by Liberia.	Q544630	Republic of Maryland	1854-05-29	founding	0.22
keep-both	distinct event at the same entity	title	seed:republic-of-new-granada-1831-10-20	Republic of New Granada	1831-10-20	event	The Republic of New Granada supersedes Gran Colombia.	Q630882	Republic of New Granada	1831-04-28	founding	0.33
keep-both	distinct event at the same entity	title	seed:republika-srpska-1992-08-12	Republika Srpska	1992-08-12	event	The Serbian Republic of Bosnia and Herzegovina changes its name to Republika Srpska.	Q11196	Republika Srpska	1992-01-09	founding	1
keep-both	distinct event at the same entity	title	seed:rochester-1852-07-05	Rochester	1852-07-05	event	1852: Frederick Douglass delivers his speech The Meaning of July Fourth for the Negro in Rochester, New York.	Q486479	Rochester	1854-01-01	founding	0.72
keep-both	distinct event at the same entity	title	seed:rome-1871-01-01	Rome	1871-01-01	event	Rome replaces Florence as the capital of Italy.	Q6586	Rome	1870-01-01	founding	0.5
keep-both	distinct event at the same entity	title	seed:ruanda-urundi-1919-05-30	Ruanda-Urundi	1919-05-30	treaty	Ruanda and Urundi (minus Kisaka district) are assigned to Belgium as a mandate.	Q590743	Ruanda-Urundi	1922-07-22	founding	0.48
keep-both	distinct event at the same entity	title	seed:russian-republic-1917-09-14	Russian Republic	1917-09-14	event	The Russian Republic supersedes the Provisional Government of Russia.	Q139319	Russian Republic	1917-09-01	founding	0.58
keep-both	distinct event at the same entity	title	seed:saint-petersburg-1703-01-01	Saint Petersburg	1703-01-01	founding	Saint Petersburg is founded by Peter the Great; it is the Russian capital until 1918.	Q656	Saint Petersburg	1703-05-27	founding	1
keep-both	distinct event at the same entity	title	seed:second-mexican-empire-1861-01-01	Second Mexican Empire	1861-01-01	founding	French intervention in Mexico and the creation of the Second Mexican Empire, ruled by Maximilian I of Mexico and his con	Q371334	Second Mexican Empire	1864-01-01	founding	0.42
keep-both	dump row is a modern hamlet, not the medieval republic	title	seed:senarica-1343-01-01	Senarica	1343-01-01	founding	The Republic of Senarica is established as an independent microstate in the village of Senarica, Italy.	Q1026065	Senarica	1343-01-01	founding	0.18
keep-both	distinct event at the same entity	title	seed:serbia-and-montenegro-2003-02-04	Serbia and Montenegro	2003-02-04	event	The Federal Republic of Yugoslavia changes its name to the State Union of Serbia and Montenegro.	Q37024	Serbia and Montenegro	2003-01-01	founding	1
keep-both	distinct event at the same entity	title	seed:sicily-1943-07-09	Sicily	1943-07-09	conflict	The Allies begin the invasion of Sicily.	Q1460	Sicily	1946-05-15	founding	1
keep-both	distinct event at the same entity	title	seed:sikkim-1974-09-05	Sikkim	1974-09-05	event	The Parliament of India passes a constitutional amendment incorporating the Kingdom of Sikkim as an associate state.	Q1505	Sikkim	1975-05-16	founding	1
keep-both	distinct event at the same entity	title	seed:singapore-1963-08-31	Singapore	1963-08-31	founding	The State of Singapore declares de facto independence from the United Kingdom.	Q334	Singapore	1965-08-09	founding	1
keep-both	distinct event at the same entity	title	seed:slovenia-1990-03-08	Slovenia	1990-03-08	event	The Socialist Republic of Slovenia changes its name to the Republic of Slovenia.	Q215	Slovenia	1991-06-25	founding	1
keep-both	distinct event at the same entity	title	seed:solomon-islands-1975-06-22	Solomon Islands	1975-06-22	event	The United Kingdom changes the name of the British Solomon Islands Protectorate to Solomon Islands.	Q685	Solomon Islands	1978-01-01	founding	1
keep-both	distinct event at the same entity	title	seed:south-kalimantan-1947-01-08	South Kalimantan	1947-01-08	founding	In the Dutch East Indies, the autonomous state of the Federation of South Kalimantan is established.	Q3906	South Kalimantan	1950-08-14	founding	0.77
keep-both	distinct event at the same entity	title	seed:south-kasai-1961-12-30	South Kasai	1961-12-30	conflict	South Kasai is taken back by Congo (Leopoldville).	Q639073	South Kasai	1960-01-01	founding	0.29
keep-both	distinct event at the same entity	title	seed:south-seas-mandate-1919-05-07	South Seas Mandate	1919-05-07	treaty	The German Northern Pacific Islands are assigned to Japan as the South Seas Mandate.	Q718763	South Seas Mandate	1919-01-01	founding	0.34
keep-both	distinct event at the same entity	title	seed:south-sumatra-1948-08-30	South Sumatra	1948-08-30	founding	In the Dutch East Indies, the State of South Sumatra is established.	Q2271	South Sumatra	1950-09-12	founding	0.78
keep-both	distinct event at the same entity	title	seed:south-yemen-1967-11-07	South Yemen	1967-11-07	founding	South Yemen declares its independence from the United Kingdom as the People's Republic of South Yemen. Aden is the capit	Q199841	South Yemen	1967-11-30	founding	0.69
keep-both	distinct event at the same entity	title	seed:south-yemen-1970-11-30	South Yemen	1970-11-30	event	The People's Republic of South Yemen changes its name to the People's Democratic Republic of Yemen.	Q199841	South Yemen	1967-11-30	founding	0.69
keep-both	distinct event at the same entity	title	seed:taipei-1967-01-01	Taipei	1967-01-01	event	Taipei becomes a special municipality separate from Taiwan Province, thus becoming the de jure capital of the Republic o	Q1867	Taipei	1967-07-01	founding	1
keep-both	distinct event at the same entity	title	seed:tajikistan-1991-08-31	Tajikistan	1991-08-31	event	The Tajik Soviet Socialist Republic changes its name to the Republic of Tajikistan.	Q863	Tajikistan	1991-09-09	founding	1
keep-both	distinct event at the same entity	title	seed:tanganyika-1962-12-09	Tanganyika	1962-12-09	event	Tanganyika is renamed the Republic of Tanganyika and severs all ties to the British monarchy as a Commonwealth realm, bu	Q431731	Tanganyika	1961-12-09	founding	0.68
keep-both	distinct event at the same entity	title	seed:tanzania-1964-11-01	Tanzania	1964-11-01	event	The United Republic of Tanganyika and Zanzibar changes its name to the United Republic of Tanzania, which becomes a memb	Q924	Tanzania	1964-04-26	founding	1
keep-both	distinct event at the same entity	title	seed:tasmania-1828-01-01	Tasmania	1828-01-01	conflict	Black War in Tasmania leads to the near extinction of the Tasmanian aborigines, from 1828 to 1832.	Q34366	Tasmania	1825-12-03	founding	1
keep-both	distinct event at the same entity	title	seed:thailand-1767-01-01	Thailand	1767-01-01	conflict	Taksin expels Burmese invaders and reunites Thailand under an authoritarian regime.	Q869	Thailand	1768-12-28	founding	1
keep-both	distinct event at the same entity	title	seed:tibet-1913-02-13	Tibet	1913-02-13	founding	Tibet declares independence from the Republic of China.	Q2444884	Tibet	1912-01-01	founding	0.4
keep-both	distinct event at the same entity	title	seed:togo-1958-01-01	Togo	1958-01-01	event	The French-administered United Nations Trust Territory of French Togoland is renamed Togo.	Q945	Togo	1960-04-27	founding	1
keep-both	title collision with a same-named settlement	title	seed:trenton-1784-11-01	Trenton	1784-11-01	event	The United States of America moves its temporary capital from Annapolis to Trenton.	Q2739754	Trenton	1784-01-01	founding	0.16
keep-both	title collision with a same-named settlement	title	seed:trinidad-1802-01-01	Trinidad	1802-01-01	event	Trinidad formally becomes a colony of the United Kingdom.	Q862508	Trinidad	1805-01-01	founding	0.41
keep-both	distinct event at the same entity	title	seed:tunisia-1957-07-25	Tunisia	1957-07-25	event	The Kingdom of Tunisia is renamed the Republic of Tunisia.	Q948	Tunisia	1956-03-20	founding	1
keep-both	distinct event at the same entity	title	seed:tuva-1944-10-11	Tuva	1944-10-11	event	The Soviet Union annexes the Tuvan People's Republic.	Q960	Tuva	1944-10-13	founding	1
keep-both	distinct event at the same entity	title	seed:ukraine-1991-12-02	Ukraine	1991-12-02	event	The Russian SFSR recognizes the independence of Ukraine the day after it is affirmed by a referendum.	Q212	Ukraine	1991-08-24	founding	1
keep-both	distinct event at the same entity	title	seed:united-states-1776-01-01	United States	1776-01-01	founding	The United States Declaration of Independence is adopted by the Second Continental Congress in Philadelphia.	Q30	United States	1776-07-04	founding	1
keep-both	distinct event at the same entity	title	seed:united-states-of-colombia-1863-05-08	United States of Colombia	1863-05-08	event	The Granadine Confederation becomes the United States of Colombia.	Q1061488	United States of Colombia	1863-01-01	founding	0.29
keep-both	distinct event at the same entity	title	seed:united-states-of-the-ionian-islands-1815-06-09	United States of the Ionian Islands	1815-06-09	founding	At the Congress of Vienna, the United States of the Ionian Islands is formed as a British protectorate.	Q1063498	United States of the Ionian Islands	1815-11-09	founding	0.37
keep-both	distinct event at the same entity	title	seed:vichy-france-1940-06-22	Vichy France	1940-06-22	event	The French Republic is renamed the French State (Vichy France).	Q69808	Vichy France	1940-07-10	founding	0.88
keep-both	title collision with a same-named settlement	title	seed:waterloo-1815-01-01	Waterloo	1815-01-01	conflict	Napoleon escaped exile and began the Hundred Days before finally being defeated at the Battle of Waterloo and exiled to 	Q535870	Waterloo	1818-01-01	founding	0.37
keep-both	distinct event at the same entity	title	seed:west-java-1948-02-26	West Java	1948-02-26	founding	In the Dutch East Indies, the State of West Java is created.	Q3724	West Java	1945-08-19	founding	0.93
keep-both	distinct event at the same entity	title	seed:world-s-columbian-exposition-1892-01-01	World's Columbian Exposition	1892-01-01	event	1892: The World's Columbian Exposition was held in Chicago celebrating the 400th anniversary of Christopher Columbus's a	Q285406	World's Columbian Exposition	1893-01-01	event	0.35
keep-both	SEED DATA ERROR: blurb is the Mayflower sailing from Plymouth ENGLAND but coords are Massachusetts	date+geo	seed:plymouth-colony-1620-01-01	Plymouth Colony	1620-01-01	founding	The Mayflower sets sail from Plymouth, England to what became the Plymouth Colony in New England.	Q326295	Plymouth	1620-01-01	founding	0.65
keep-both	dump row is the WRECK (category discovery), not the sinking	date+geo	seed:rms-titanic-1912-04-15	RMS Titanic	1912-04-15	event	RMS Titanic sinks in the North Atlantic on 15 April 1912. The largest ocean liner in service at the time, she was four d	Q3018259	wreck of the RMS Titanic	1912-04-15	discovery	0.22
keep-both	matched Saint-Martin, the wrong island	date+geo	seed:saint-barthelemy-2007-02-21	Saint Barthelemy	2007-02-21	event	France detaches the overseas collectivity of Saint Barthelemy from Guadeloupe. Gustavia becomes the capital.	Q126125	Saint-Martin	2007-02-21	founding	1
keep-both	title collision with a same-named settlement	date+geo	seed:saybrook-colony-1635-01-01	Saybrook Colony	1635-01-01	founding	The Saybrook Colony is founded in what is now the U.S. state of Connecticut. Old Saybrook is the capital.	Q1020609	Old Saybrook	1635-01-01	founding	0.34
keep-both	"secession vs ""Georgia in the American Civil War"" - distinct"	date+geo	seed:state-of-georgia-1861-01-19	State of Georgia	1861-01-19	founding	The State of Georgia secedes from the United States of America, as the independent State of Georgia.	Q7314469	Georgia in the American Civil War	1861-01-19	conflict	0.08
keep-both	dump row is a locomotive, not the railway opening	date+geo	seed:stockton-and-darlington-railway-1825-01-01	Stockton and Darlington Railway	1825-01-01	founding	The Stockton and Darlington Railway, the first public railway in the world, is opened.	Q738131	Stockton and Darlington Railway No. 1 “Locomotion”	1825-01-01	discovery	0.16
keep-both	revolution vs founding of the republic - distinct records	date+geo	seed:zanzibar-and-pemba-1964-01-12	Zanzibar and Pemba	1964-01-12	founding	The People's Republic of Zanzibar and Pemba is established after a revolution overthrows the Sultanate of Zanzibar.	Q75844	Zanzibar Revolution	1964-01-12	conflict	0.37
keep-both	distinct event at the same entity	tokens	seed:appomattox-court-house-1865-01-01	Appomattox Court House	1865-01-01	event	Robert E. Lee surrendered at Appomattox Courthouse, Virginia; five days later Lincoln was assassinated by actor and Conf	Q1355391	Battle of Appomattox Court House	1865-04-09	conflict	0.26
keep-both	distinct event at the same entity	tokens	seed:bosnia-and-herzegovina-1992-03-03	Bosnia and Herzegovina	1992-03-03	founding	Following an independence referendum, the Socialist Republic of Bosnia and Herzegovina secedes from the Socialist Federa	Q1274468	Republic of Bosnia and Herzegovina	1992-04-09	founding	0.43
keep-both	start of the Bosnian War, not the republic (3 days apart)	tokens	seed:bosnia-and-herzegovina-1992-04-06	Bosnia and Herzegovina	1992-04-06	conflict	Bosnian War, international armed conflict that took place in Bosnia and Herzegovina between 1992 and 1995.	Q1274468	Republic of Bosnia and Herzegovina	1992-04-09	founding	0.43
keep-both	distinct event at the same entity	tokens	seed:bosnia-and-herzegovina-1992-04-08	Bosnia and Herzegovina	1992-04-08	event	The Socialist Republic of Bosnia and Herzegovina changes its name to the Republic of Bosnia and Herzegovina.	Q1274468	Republic of Bosnia and Herzegovina	1992-04-09	founding	0.43
keep-both	distinct event at the same entity	tokens	seed:bosworth-field-1485-01-01	Bosworth Field	1485-01-01	conflict	Henry VII defeats Richard III at the Battle of Bosworth and becomes King of England.	Q222013	Battle of Bosworth Field	1485-08-22	conflict	0.46
keep-both	distinct event at the same entity	tokens	seed:dadra-and-nagar-haveli-1961-01-01	Dadra and Nagar Haveli	1961-01-01	event	The Free Dadra and Nagar Haveli joins India, as Portugal ceases to claim it.	Q46107	Dadra and Nagar Haveli district	1961-08-11	founding	0.95
keep-both	distinct event at the same entity	tokens	seed:east-timor-1975-12-08	East Timor	1975-12-08	event	Portugal completely withdraws its forces from East Timor.	Q114415093	Democratic Republic of East Timor	1975-11-28	founding	0.06
keep-both	distinct event at the same entity	tokens	seed:exposition-universelle-1900-04-14	Exposition Universelle	1900-04-14	event	1900: Exposition Universelle held in Paris, prominently featuring the growing art trend Art Nouveau.	Q753646	Exposition Universelle of 1900	1900-01-01	event	0.38
keep-both	distinct event at the same entity	tokens	seed:gaza-strip-2023-10-27	Gaza Strip	2023-10-27	conflict	Israel launches a counter-invasion of the Gaza Strip.	Q124618378	bombing of the Gaza Strip	2023-10-07	conflict	0.07
keep-both	dump row is the constitutional document, n=0.1 (1 days apart)	tokens	seed:german-confederation-1815-06-09	German Confederation	1815-06-09	founding	At the Congress of Vienna, the German Confederation is established. Frankfurt is the capital.	Q896505	German Confederation Constitution	1815-06-08	treaty	0.1
keep-both	distinct event at the same entity	tokens	seed:hampton-roads-1862-01-01	Hampton Roads	1862-01-01	conflict	First meeting in combat of ironclad warships, USS Monitor and CSS Virginia, during the American Civil War.	Q868481	Battle of Hampton Roads	1862-03-08	conflict	0.28
keep-both	distinct event at the same entity	tokens	seed:hong-kong-1941-12-25	Hong Kong	1941-12-25	conflict	The Japanese occupy British Hong Kong as the Hong Kong Occupied Territory.	Q697059	Battle of Hong Kong	1941-12-08	conflict	0.3
keep-both	distinct event at the same entity	tokens	seed:karelo-finnish-ssr-1940-03-12	Karelo-Finnish SSR	1940-03-12	treaty	The Winter War ends with the Moscow Peace Treaty redrawing the Soviet-Finnish border. The Karelo-Finnish Soviet Socialis	Q186888	Karelo-Finnish Soviet Socialist Republic	1940-03-31	founding	0.57
keep-both	distinct event at the same entity	tokens	seed:mongol-united-autonomous-government-1937-11-22	Mongol United Autonomous Government	1937-11-22	event	The Mongol Military Government is renamed the Mongol United Autonomous Government.	Q10955123	South Chahar Autonomous Government	1937-09-04	founding	0.1
keep-both	distinct event at the same entity	tokens	seed:mount-tambora-1815-04-01	Mount Tambora	1815-04-01	event	1815: April, Mount Tambora in Sumbawa island erupts, becoming the largest volcanic eruption in recorded history, destroy	Q3591483	1815 eruption of Mount Tambora	1815-01-01	event	0.24
keep-both	Republika Srpska is a different entity from Bosnia (2 days apart)	tokens	seed:serbian-republic-of-bosnia-and-herzegovina-1992-04-07	Serbian Republic of Bosnia and Herzegovina	1992-04-07	founding	The Serbian Republic of Bosnia and Herzegovina declares independence from the Socialist Republic of Bosnia and Herzegovi	Q1274468	Republic of Bosnia and Herzegovina	1992-04-09	founding	0.43
keep-both	distinct event at the same entity	tokens	seed:south-georgia-1982-04-25	South Georgia	1982-04-25	conflict	The United Kingdom reconquers South Georgia from Argentina.	Q4345906	Invasion of South Georgia	1982-04-03	conflict	0.09
keep-both	distinct event at the same entity	tokens	seed:tiananmen-square-1989-06-04	Tiananmen Square	1989-06-04	conflict	The Tiananmen Square protests, demonstrations in and near Tiananmen Square in Beijing led mainly by students and intelle	Q99717	1989 Tiananmen Square protests and massacre	1989-01-01	event	0.89
keep-both	distinct event at the same entity	tokens	seed:wake-island-1941-12-23	Wake Island	1941-12-23	conflict	Wake Island is taken over by Japan from the United States as Otori Jima.	Q1141380	Battle of Wake Island	1941-12-08	conflict	0.28
keep-both	distinct event at the same entity	tokens	seed:wall-street-1929-10-24	Wall Street	1929-10-24	event	The Wall Street Crash of 1929 was a major factor contributing to the Great Depression, a worldwide economic slowdown tha	Q201684	Wall Street crash of 1929	1929-01-01	event	0.66
keep-both	distinct event at the same entity	tokens	seed:western-thrace-1913-08-10	Western Thrace	1913-08-10	treaty	Under the Treaty of Bucharest, Bulgaria gains Western Thrace and the southern portions of what are now Blagoevgrad Provi	Q1852814	Provisional Government of Western Thrace	1913-08-31	founding	0.2
keep-both	distinct event at the same entity	tokens	seed:yijiangshan-islands-1955-01-20	Yijiangshan Islands	1955-01-20	conflict	The People's Republic of China conquers the Yijiangshan Islands from the Republic of China after the Battle of Yijiangsh	Q2890719	Battle of Yijiangshan Islands	1955-01-01	conflict	0.09
